{
  "project_info": {
    "project_number": "1047366508005",
    "firebase_url": "https://j1s4-e1660.firebaseio.com",
    "project_id": "j1s4-e1660",
    "storage_bucket": "j1s4-e1660.appspot.com"
  },
  "client": [
    {
      "client_info": {
        "mobilesdk_app_id": "1:1047366508005:android:d3fa47d531a29c81",
        "android_client_info": {
          "package_name": "com.example.a9ingforports"
        }
      },
      "oauth_client": [
        {
          "client_id": "1047366508005-45ci7745nd15kctef4h9lbkf99ar0rtr.apps.googleusercontent.com",
          "client_type": 1,
          "android_info": {
            "package_name": "com.example.a9ingforports",
            "certificate_hash": "f71f26bb58b00ecc2245934ab0f043195b0b3b12"
          }
        },
        {
          "client_id": "1047366508005-2cihkiv8je8rvtnb9bmh77ofr1cfmltv.apps.googleusercontent.com",
          "client_type": 3
        }
      ],
      "api_key": [
        {
          "current_key": "AIzaSyAJF0bAenxK5bF7WJTM8l7jakqImgGRcbQ"
        }
      ],
      "services": {
        "appinvite_service": {
          "other_platform_oauth_client": [
            {
              "client_id": "1047366508005-2cihkiv8je8rvtnb9bmh77ofr1cfmltv.apps.googleusercontent.com",
              "client_type": 3
            }
          ]
        }
      }
    },
    {
      "client_info": {
        "mobilesdk_app_id": "1:1047366508005:android:04f77d35cae96bf4",
        "android_client_info": {
          "package_name": "com.example.a9ingforsports"
        }
      },
      "oauth_client": [
        {
          "client_id": "1047366508005-7kmek181ejvub91hj686mfv0ft4averf.apps.googleusercontent.com",
          "client_type": 1,
          "android_info": {
            "package_name": "com.example.a9ingforsports",
            "certificate_hash": "f71f26bb58b00ecc2245934ab0f043195b0b3b12"
          }
        },
        {
          "client_id": "1047366508005-2cihkiv8je8rvtnb9bmh77ofr1cfmltv.apps.googleusercontent.com",
          "client_type": 3
        }
      ],
      "api_key": [
        {
          "current_key": "AIzaSyAJF0bAenxK5bF7WJTM8l7jakqImgGRcbQ"
        }
      ],
      "services": {
        "appinvite_service": {
          "other_platform_oauth_client": [
            {
              "client_id": "1047366508005-2cihkiv8je8rvtnb9bmh77ofr1cfmltv.apps.googleusercontent.com",
              "client_type": 3
            }
          ]
        }
      }
    }
  ],
  "configuration_version": "1"
}